{"cameraMode":{"drawMode":0,"name":"Shaded","section":"Shading Mode"},"sceneLighting":false,"audioPlay":false,"sceneViewState":{"m_AlwaysRefresh":false,"showFog":true,"showSkybox":false,"showFlares":true,"showImageEffects":true,"showParticleSystems":true,"showVisualEffectGraphs":true,"m_FxEnabled":true},"in2DMode":false,"pivot":{"x":-6.647729873657227,"y":-0.039999961853027347,"z":-21.546527862548829},"rotation":{"x":-0.2811736464500427,"y":-0.0002941307320725173,"z":0.00001961131602001842,"w":-0.9596835374832153},"size":5.890375137329102,"orthographic":false}